keyword,rank,url,domain_authority,page_authority,spam_score,pages_to_root_domain,nofollow_pages_to_root_domain,total_words,header_words,footer_words,keyword_count,city_count,lawyer_attorney_count,first_keyword_spot,keyword_in_200_words,title,key_in_title,h1_count,h1_text,key_in_h1,h2_count,h2_text,key_in_h2,h3_count,h3_text,key_in_h3,image_count,image_alt_text,key_in_alt_text,is_wordpress,has_table_of_contents
Medical Malpractice Lawyer Denver,1,https://www.coloradolaw.net/practice-area/medical-malpractice/,37,37,1,58499,5557,1864,156,0,33,12,17,5.0,True,Denver Medical Negligence Lawyers | Bachus & Schanker,False,1,['DENVER MEDICAL MALPRACTICE LAWYERS'],[True],22,"['TRUSTED SINCE 1996', 'Consultation is free.No hourly fees, No upfront expenses.Only pay when we win.', 'OVER $1 BILLION RECOVERED.', 'NO UPFRONT FEE', 'Table of contents', 'Our COLORADO Medical Malpractice Attorneys Can Help You Understand Your Rights', 'What is Medical Negligence?', 'Types of Medical Malpractice and Negligence', 'How Do You Prove Medical Malpractice?', 'What Are the Types of Damages You Can Recover in a Medical Malpractice Case?', 'When Should You File a Medical Malpractice Lawsuit in Colorado?', 'Why Work With Bachus & Schanker?', 'Free Consultation With Our Medical Malpractice Law Firm', 'Visit our Denver Office', 'Medical Malpractice Legal Reviews', 'Related Medical Malpractice Reading', 'You Deserve Fair Compensation', 'MOTOR VEHICLE ACCIDENTS', 'PRACTICE AREAS', 'THE FIRM', 'INFORMATION CENTER', 'CONTACT']","[False, False, False, False, False, True, False, True, True, True, True, False, True, False, True, True, False, False, False, False, False, False]",5,"['Sources:', 'Related Medical Malpractice Pages:', '“My case settled for a life changing sum and I couldn’t be happier with my decision to hire them.”', '“…has great communication and never leaves you in the dark about your case.”', '“Extremely professional and responsive!!”']","[False, True, False, False, False]",19,"['Bachus & Schanker', '', '', 'Bachus & Schanker', '', '', 'Hernia Mesh', 'Hip Replacement', 'Knee Replacement', 'Before Paramedic Negligence', 'Medical Malpractice', '', '', '', '', '', '', '', '']","[False, False, False, False, False, False, False, False, False, False, True, False, False, False, False, False, False, False, False]",True,True
Medical Malpractice Lawyer Denver,2,https://www.denvertriallawyers.com/medical-malpractice/,36,33,1,27885,4199,2163,173,49,46,12,22,1.0,True,Medical Malpractice Attorneys in Denver |Expert Denver Medical Malpractice Attorney,True,1,"['Medical Malpractice Attorney in Denver, CO']",[True],3,"['Representation from a Nationally-Recognized Medical Malpractice Law Firm', 'What Is the Statute of Limitations on a Medical Malpractice Claim?', 'Representation from an Award-Winning Denver Medical Malpractice Lawyer!']","[True, True, True]",2,"['Medical Malpractice Claims in Colorado', 'Examples of Medical Malpractice Cases']","[True, True]",15,"['Denver Trial Lawyers®', 'Denver Trial Lawyers®', '', '', '', '', '', '', '', '', '', '', 'Denver Trial Lawyers®', 'Denver Trial Lawyers®', '']","[False, False, False, False, False, False, False, False, False, False, False, False, False, False, False]",False,False
Medical Malpractice Lawyer Denver,3,https://olsonlawfirm.com/personal-injury/medical-malpractice/,28,30,1,241796,2128,2100,88,130,40,23,23,46.0,True,"Medical Malpractice Lawyer Denver | Olson Law Firm, LLC",True,1,['Medical Malpractice Attorney Denver'],[True],9,"['What Do You Have to Prove in a Denver Medical Malpractice Claim?', 'Who Can Be Held Liable for Medical Malpractice in Denver?', 'How Our Denver Medical Malpractice Lawyers Can Help You', 'Importance of Expert Witnesses in Denver Medical Malpractice Lawsuits', 'Compensation in a Denver Medical Malpractice Case', 'Caps for Recovery on Medical Malpractice in Denver', 'Common Types of Medical Malpractice in Denver', 'Statute of Limitations on Medical Malpractice Lawsuits in Denver, Colorado', 'Talk to a Denver Medical Malpractice Attorney Today']","[True, True, True, True, True, True, True, True, True]",0,[],[],63,"['logo', 'logo', 'Phone Number', 'Phone Number', 'logo', 'logo', 'Olson Law Firm Attorney', 'Olson Law Firm Attorney', 'Results Matter', 'Results Matter', 'Sean Olson', 'Sean Olson', 'Play Video Button', 'Play Video Button', 'Sean Olson', 'Sean Olson', 'Dominic’s Story', 'Dominic’s Story', 'Play Video Button', 'Play Video Button', 'Client’s Story', 'Client’s Story', 'Play Video Button', 'Play Video Button', 'Jillian’s Story', 'Jillian’s Story', 'Play Video Button', 'Play Video Button', 'Common Types of Catastrophic Injuries in Denver', 'Common Types of Catastrophic Injuries in Denver', 'Contact Sean Today', 'Contact Sean Today', 'Expertise 2022 - Best Personal Injury Lawyers in Westminster', 'Expertise 2022 - Best Personal Injury Lawyers in Westminster', 'Super Lawyers', 'Super Lawyers', 'Avvo Rating', 'Avvo Rating', 'Multi-million Dollar advocates forum', 'Multi-million Dollar advocates forum', 'BBB', 'BBB', 'Best Car Accident Lawyers in Denver', 'Best Car Accident Lawyers in Denver', 'Top 100 Trial Lawyers', 'Top 100 Trial Lawyers', 'Truck Safety Coalition', 'Truck Safety Coalition', 'Olson Law Firm', 'Olson Law Firm', 'Olson Law Firm, LLC', 'Olson Law Firm, LLC', 'Olson Law Firm, LLC', 'Olson Law Firm, LLC', 'Olson Law Firm, LLC', 'Olson Law Firm, LLC', 'DMCA.com Protection Status', 'DMCA.com Protection Status', 'Back to top', 'Back to top', '', '', 'NO ALT']","[False, False, False, False, False, False, False, False, False, False, False, False, False, False, False, False, False, False, False, False, False, False, False, False, False, False, False, False, False, False, False, False, False, False, False, False, False, False, False, False, False, False, False, False, False, False, False, False, False, False, False, False, False, False, False, False, False, False, False, False, False, False, False]",True,False
Medical Malpractice Lawyer Denver,4,https://www.gerashsteiner.net/medical-malpractice/,30,26,3,5756,1089,1155,22,63,23,8,14,6.0,True,"Denver Medical Malpractice Lawyers - Gerash Steiner Blanton, P.C.",True,1,['Denver Medical Malpractice Lawyers'],[True],5,"['Denver Medical Malpractice Attorney', 'Grounds for Malpractice Claims', 'Our Related Practice Areas', 'Frequently Asked Questions (FAQs)', 'Obtain your free legal consultation at Gerash Steiner & Blanton & Blanton, P.C. today!']","[True, False, False, False, False]",11,"['Examples of Medical Malpractice & Negligence', 'Birth Injuries', 'Hospital Negligence', 'Medication Errors', 'Surgical Errors', 'Does an undesirable medical result automatically amount to medical malpractice?', 'How do you prove negligence in a medical malpractice case?', 'How do you claim medical malpractice if the patient dies from a medical error?', 'What is Colorado’s “certificate of review” in a medical malpractice case?', 'High-Caliber Representation in Denver', 'Related Articles']","[True, False, False, False, False, True, True, True, True, False, False]",6,"['Gerash Steiner Blanton, P.C. Logo', 'Gerash Steiner Blanton, P.C. Logo', 'medical malpractice lawsuit', 'medical malpractice lawsuit', 'Gerash Steiner Blanton, P.C. Logo', 'Gerash Steiner Blanton, P.C. Logo']","[False, False, True, True, False, False]",True,True
Medical Malpractice Lawyer Denver,5,https://www.mydenveraccidentlawfirm.com/practices/medical-malpractice/,33,29,2,7828,966,2879,9,116,53,30,26,146.0,True,Denver Medical Malpractice Lawyer | Fight for Compensation | Levine Law,True,1,['Denver Medical Malpractice Lawyers'],[True],20,"['Denver Medical Malpractice Lawyers', 'FREE CASE REVIEW', 'The Dangers of Medical Malpractice', '', 'Our Denver Medical Malpractice Attorney Explains the Standard of Care for Medical Professionals', 'Causation and Injury Must Also Be Shown in a Medical Malpractice Action', 'Failure to Diagnose is a Common Form of Medical Malpractice in Colorado', 'Failure to Treat is Another Cause for Litigation Against Doctors and Hospitals', 'A Lack of Informed Consent is Grounds for Medical Malpractice Claims', 'Reach Out to a Denver Medical Malpractice Attorney Today', 'What Our Clients SayAbout Our Denver Medical Malpractice Lawyers', 'Denver Medical Malpractice Lawyers', 'Our Denver Medical Malpractice Attorneys Achieve Success in Insurance Negotiations and at Trial', 'Damages Available After Medical Malpractice', 'Our Denver Medical Malpractice Attorney Outlines the 10 Most Common Malpractice Claims', 'Our Denver Medical Malpractice Attorneys are Skilled in All Malpractice Claims', 'Contact Our Denver Medical Malpractice Lawyers Today', ""WHAT'S YOUR ACCIDENT CASE WORTH?"", ""WHAT'S YOUR ACCIDENT CASE WORTH?"", 'FREE CONSULTATION']","[True, False, True, False, True, True, True, False, True, True, True, True, True, True, True, True, True, False, False, False]",7,"['We Come to You, No Charge', 'No Fees Unless We Win', '3x More $ Than Insurance', 'Jordan S. Levine', ""WHAT'S YOURACCIDENTCASE WORTH?"", 'How to Prove a Violation of the Standard of Care', 'NO FEE UNLESS WE WIN']","[False, False, False, False, False, False, False]",36,"['NO ALT', 'Levine Law logo', 'Levine Law logo', '', '', '', 'Attorney Jordan Levine Headshot', 'Facebook icon', 'Yelp icon', 'Google logo', 'Facebook icon', 'Yelp icon', 'Google logo', 'Google logo', 'Medical malpractice lawyer writing on paper', 'Denver Hospital Parking Garage', '', '', '', '', '', '', '', '', '', '', '', '', '', '', '', 'Levine law logo', 'Levine law logo', 'Levine law logo', 'Levine law logo', 'NO ALT']","[False, False, False, False, False, False, False, False, False, False, False, False, False, False, True, False, False, False, False, False, False, False, False, False, False, False, False, False, False, False, False, False, False, False, False, False]",True,False
Medical Malpractice Lawyer Denver,6,https://www.leventhal-law.com/medical-malpractice/,26,28,3,24357,731,1838,98,96,24,5,12,2.0,True,Colorado Medical Malpractice Lawyers | (303) 759-9945,True,1,['Denver Medical Malpractice Attorneys'],[True],8,"['We Are Uniquely Qualified to Take On Your Case', 'What Counts as Medical Malpractice?', 'Medical Malpractice Statute of Limitations in Colorado', 'How Do I Prove Medical Malpractice?', 'How Much Is My Claim Worth?', 'What We Handle', 'Why You Need a Trial Lawyer from Leventhal Puga Braley P.C.', 'Additional Information']","[False, True, True, True, False, False, False, False]",2,"['Case Study: Wrong Dose', 'Case Study: Paralyzed after an Injection']","[False, False]",12,"['skip to content', '', '', '', '', '', '', '', '', '', '', '']","[False, False, False, False, False, False, False, False, False, False, False, False]",False,False
Medical Malpractice Lawyer Denver,7,https://www.boesenlaw.com/practice-areas/medical-malpractice/,26,22,1,16573,1677,1512,221,79,23,11,9,1.0,True,Denver Medical Malpractice Attorney | Boesen Law,True,1,['Denver Medical Malpractice Attorneys'],[True],1,"['Medical Malpractice, Negligence & Errors in Colorado']",[True],6,"['Contact Us For Your Free Consultation|Call Our Office Today', '', 'What Is Medical Malpractice?', 'Proving a Medical Malpractice Case', 'Compensation for Medical Malpractice Victims', 'Learn How We Can Help During a Free, In-Person Consultation']","[False, False, True, True, True, False]",9,"['', 'Boesen Law', 'Boesen Law', '', '', '', 'Boesen Law', 'Boesen Law', 'Internet Marketing Experts']","[False, False, False, False, False, False, False, False, False]",False,False
Medical Malpractice Lawyer Denver,8,https://www.springersteinberg.com/personal-injury/denver-medical-malpractice-lawyer/,29,20,1,21598,2689,2565,126,73,37,24,20,42.0,True,"Denver Medical Malpractice Attorneys - Medical Malpractice Lawyer Denver, CO",True,1,['Denver Medical Malpractice Attorneys'],[True],11,"['We’ve Recovered Hundreds Of Millions For Our Clients', 'Elements Of A Medical Malpractice Case', 'Common Instances Of Medical Malpractice In Denver', 'Compensation For Medical Malpractice Claims in Denver, CO', 'When Should You File a Medical Malpractice Lawsuit', 'Choose Denver Medical Malpractice Attorneys at Springer & Steinberg, P.C.', 'Free Consultation for Denver Medical Malpractice Cases', 'Recent Victories', 'You Have a Team of Advocates', 'Contact Us Today', 'Why You Want Us On Your Side']","[False, True, True, True, True, True, True, False, False, False, False]",7,"['What is Medical Negligence?', 'How to Prove Medical Negligence or Malpractice', 'Who Can Be Held Liable for Medical Malpractice in Denver?', 'Common Damages Recovered in a Medical Malpractice Case', 'Medical Malpractice Statute Of Limitations Colorado', 'Jeffrey A. Springer', 'Harvey A. Steinberg']","[False, False, True, True, True, False, False]",23,"['', 'Springer & Steinberg, P.C.', 'Springer & Steinberg, P.C.', '', '', 'Jeffrey A. Springer Photo', 'Jeffrey A. Springer Photo', 'Harvey A. Steinberg Photo', 'Harvey A. Steinberg Photo', 'NO ALT', 'NO ALT', 'NO ALT', 'NO ALT', 'NO ALT', 'NO ALT', 'NO ALT', 'NO ALT', 'NO ALT', 'NO ALT', 'NO ALT', 'NO ALT', 'Springer & Steinberg, P.C.', 'Springer & Steinberg, P.C.']","[False, False, False, False, False, False, False, False, False, False, False, False, False, False, False, False, False, False, False, False, False, False, False]",True,False
Medical Malpractice Lawyer Denver,9,https://www.nolo.com/legal-encyclopedia/colorado-medical-malpractice-laws.html,72,46,1,21525812,1824748,1415,0,73,25,0,15,114.0,True,Colorado Medical Malpractice Laws | Nolo,True,1,['Colorado Medical Malpractice Laws'],[True],5,"['A Colorado medical malpractice plaintiff needs to understand the statute of limitations filing deadline, the ""certificate of review"" requirement, and the state\'s cap on damages.', 'The Colorado Medical Malpractice Statute of Limitations', 'The ""Certificate of Review"" in Colorado Medical Malpractice Cases', 'Does Colorado Cap Medical Malpractice Damages?', 'Get the compensation you deserve.']","[True, True, True, True, False]",2,"['Talk to a Lawyer', ""We've helped 175 clients find attorneys today.""]","[False, False]",12,"['NO ALT', 'NO ALT', 'NO ALT', 'NO ALT', 'NO ALT', 'NO ALT', 'NO ALT', 'NO ALT', 'NO ALT', 'NO ALT', 'NO ALT', 'NO ALT']","[False, False, False, False, False, False, False, False, False, False, False, False]",False,False
Medical Malpractice Lawyer Denver,10,https://threebestrated.com/medical-malpractice-lawyers-in-denver-co,46,44,1,2256579,374989,1803,11,115,8,30,21,2.0,True,"3 Best Medical Malpractice Lawyers in Denver, CO - ThreeBestRated",True,0,[],[],1,['Best Medical Malpractice Lawyers in Denver'],[True],31,"['Handpicked Top 3 Medical Malpractice Lawyers in Denver, Colorado. All of our medical malpractice lawyers actually face a rigorous 50-Point Inspection, which includes customer reviews, history, complaints, ratings, satisfaction, trust, cost and general excellence. You deserve only the best!', 'DARIN SCHANKER - BACHUS & SCHANKER LLC', 'DAVID S. WOODRUFF - DENVER TRIAL LAWYERS', 'SEAN OLSON - OLSON LAW FIRM', 'DARIN SCHANKER - BACHUS & SCHANKER LLC', 'Specialty:', 'Contact:', 'Working Hours:', 'TBR® Inspection Report:', 'DARIN SCHANKER - BACHUS & SCHANKER LLC REVIEWS', 'DAVID S. WOODRUFF - DENVER TRIAL LAWYERS', 'Specialty:', 'Contact:', 'Working Hours:', 'TBR® Inspection Report:', 'DAVID S. WOODRUFF - DENVER TRIAL LAWYERS REVIEWS', 'SEAN OLSON - OLSON LAW FIRM', 'Specialty:', 'Contact:', 'Working Hours:', 'TBR® Inspection Report:', 'SEAN OLSON - OLSON LAW FIRM REVIEWS', 'Find other best places near Denver, Colorado', 'Download App', 'Video', 'Write a Review', 'Success', 'Error occurred', 'Contact Business', 'Success', 'Error occurred']","[True, False, False, False, False, False, False, False, False, False, False, False, False, False, False, False, False, False, False, False, False, False, False, False, False, False, False, False, False, False, False]",18,"['ThreeBestRated.com', 'Best Business', 'Top Business', 'Award Business', 'Darin Schanker - BACHUS & SCHANKER LLC', 'Darin Schanker - BACHUS & SCHANKER LLC', 'Darin Schanker - BACHUS & SCHANKER LLC', 'Vimeo Video', 'David S. Woodruff - Denver Trial Lawyers', 'David S. Woodruff - Denver Trial Lawyers', 'David S. Woodruff - Denver Trial Lawyers', 'Sean Olson - OLSON LAW FIRM', 'Sean Olson - OLSON LAW FIRM', 'Sean Olson - OLSON LAW FIRM', 'Vimeo Video', 'Android App Logo', 'IOS App Logo', 'ThreeBestRated.com']","[False, False, False, False, False, False, False, False, False, False, False, False, False, False, False, False, False, False]",False,False
Medical Malpractice Lawyer Denver,11,https://www.viorstlaw.com/medical-malpractice/,23,24,2,42696,826,454,70,153,8,5,4,14.0,True,Denver Medical Malpractice Attorney | Aurora Negligence Lawyer,True,1,"['Compassionate, Aggressive Medical Malpractice Representation']",[True],5,"['You Have A Right To Decent Medical Care', 'Did A Doctor Or Nurse’s Negligence Seriously Injure You?', 'Your Solution Starts With A Phone Call', 'Practice Areas', 'Find Out If You Have A Case']","[False, False, False, False, False]",0,[],[],9,"['The Viorst Law Offices, P.C.', 'The Viorst Law Offices, P.C.', 'American Association for Justice', 'Colorado Bar Foundation Est.1953', 'Denver Bar Association', 'Colorado Bar Association Est.1897', 'Super Lawyers', 'AV Preeminent Martindale Hubbell', 'The Viorst Law Offices, P.C.']","[False, False, False, False, False, False, False, False, False]",True,False
Medical Malpractice Lawyer Denver,12,https://www.colawfirm.com/practice-areas/medical-malpractice-lawyers/,26,21,1,41910,4976,969,45,149,21,7,11,14.0,True,Denver Medical Malpractice Lawyer,True,1,['Denver Medical Malpractice Attorney'],[True],7,"['Who May Be Held Accountable for Medical Malpractice or Negligence?', 'Examples of Medical Malpractice:', 'In Order to File a Medical Malpractice Claim, the Patient Must Establish:', 'Damages Available in a Denver Medical Malpractice Claim', 'What Should I Do if I Suspect Medical Malpractice?', 'Deadlines for Filing Medical Malpractice Lawsuits in Colorado', 'Contact Our Denver Medical Malpractice Attorneys for a Free Case Review']","[True, True, True, True, True, True, True]",1,['Practice Areas'],[False],3,"['Bendinelli Law Firm, P.C.', 'Lawyers meeting', 'Denver medical malpractice lawyer']","[False, False, True]",True,False
Medical Malpractice Lawyer Denver,13,https://www.preeosilverman.com/litigationservices-table-of-contents/professional-malpractice/,22,23,4,20457,255,514,42,55,2,5,8,143.0,True,Denver Professional Malpractice Attorney | Medical Malpractice Lawyer,True,1,['Professional Malpractice'],[False],7,"['The Law Office of Preeo Silverman Green & Egle', 'Denver Professional Malpractice Lawyers', 'Holding Professionals Accountable When Negligence occurs', 'Evaluating Negligence', 'Taking Action', 'Practice Areas', 'How Can We Help You?']","[False, False, False, False, False, False, False]",0,[],[],8,"['Preeo Silverman Green & Egle, P.C.', 'Phone Icon', 'justice', 'Street Map to Preeo Silverman Green & Egle, P.C.', 'Super Lawer', 'AV Preeminent Rating 2020', 'Best Lawyers - Lawyer Logo', 'Best Law Firms - Standard Badge']","[False, False, False, False, False, False, False, False]",True,False
Medical Malpractice Lawyer Denver,14,https://www.shouselaw.com/co/personal-injury/medical-malpractice/,60,41,2,390069,138893,1609,262,193,24,1,4,15.0,True,"Colorado ""Medical Malpractice"" Law - How to Bring a Lawsuit",True,1,['Colorado “Medical Malpractice” Law – How to Bring a Lawsuit'],[True],7,"['1. What is medical malpractice?', '2. Who can I sue for medical malpractice?', '4. Are there caps on the amount of damages I can receive after I win my lawsuit?', '5. What is a “certificate of review” and do I have to file one?', '6. Is there a statute of limitations in medical malpractice cases?', 'Call us for help…', 'Message Us']","[True, True, False, False, True, False, False]",6,"['1.1 Is this type of case a negligence action?', '3. What types of damages can I receive for my lawsuit?', '4.1 Are there limits to the amount of non-economic damages I can receive?', '5.1 Can my case be dismissed if I don’t file the certificate of review?', '6.1 What is the Colorado statute of repose limitation?', 'Help is a Call Away']","[False, False, False, False, False, False]",7,"['Shouse Law Colorado Personal Injury Division', 'Bringing a medical malpractice claim in Colorado – 4 Key Things to Know', ""A gavel sitting next to a physician's stethoscope."", 'Multiple hundred dollar bills featuring Benjamin Franklin.', 'Receptionist smiling while answering a call.', 'Shouse Law Group', '']","[False, True, False, False, False, False, False]",True,False
Medical Malpractice Lawyer Denver,15,https://www.lawinfo.com/medical-malpractice/colorado/denver/,57,39,3,125281245,350757,37,0,0,0,0,0,,,Just a moment...,False,1,['www.lawinfo.com'],[False],1,['Checking if the site connection is secure'],[False],0,[],[],1,['NO ALT'],[False],False,False
Medical Malpractice Lawyer Denver,16,https://www.thedenverinjurylawfirm.com/dental-malpractice/,19,19,1,6974,360,518,83,71,2,11,7,47.0,True,"Dental Malpractice Lawyers In Denver, CO | Call Now",False,1,['Denver Dental Malpractice Lawyer'],[False],5,"['Colorado Dental Implant Complication Attorneys', 'When An Injury Is Caused By Departure From Standard Of Care', 'Contact A Denver Dental Malpractice Attorney', 'Talk to us. What happened?', 'Contact The Office']","[False, False, False, False, False]",0,[],[],5,"['Member of The National Trial Lawyers | Top 100 Trial Lawyers', 'The National Trail Lawyers Top 40 Under 40', '10 Best 2016 | Client Satisfaction | American Institute of Personal Injury Attorneys', 'Best Lawyers Best Law Firms | U.S. News & World Report 2018', '']","[False, False, False, False, False]",True,False
Medical Malpractice Lawyer Denver,17,https://www.richardbantalaw.com/medical-malpractice-lawyer-denver-co/,22,19,1,14561,682,2729,27,157,66,32,27,94.0,True,"Medical Malpractice Lawyer Denver, CO | Personal Injury Law Firm Denver CO",True,1,"['Medical Malpractice Lawyer Denver, CO']",[True],1,"['Medical Malpractice Lawyer Denver, CO']",[True],1,['Contact Richard J. Banta'],[False],3,"['Personal Injury Law Firm Denver CO', 'Medical Malpractice Lawyer Denver, CO', '']","[False, True, False]",True,False
Medical Malpractice Lawyer Denver,18,https://gvlegal.net/medical-malpractice/,13,15,1,1812,63,2308,49,18,25,7,13,44.0,True,Medical Malpractice Lawyers in Denver - The Greer Law Group -Colorado,True,1,['Medical Malpractice Attorneys in Denver Helping You Get the Compensation You Need'],[True],6,"['What Are Some Common Kinds of Medical Malpractice?', 'Which Medical Professionals Can Be Sued for Medical Malpractice?', 'What is the Statute of Limitations for a Medical Malpractice Claim in Colorado?', 'What is a “Certificate of Review”?', 'How Much Compensation Can I Get in my Colorado Medical Malpractice Case?', 'How Can a Medical Malpractice Lawyer Help in My Case?']","[True, True, True, False, True, True]",0,[],[],40,"['The Greer Law Group Homepage', 'The Greer Law Group Homepage', '', '', '', '', '', '', '', '', '', '', '', '', '', '', '', '', '', '', '', '', '', '', '', '', '', '', '', '', '', '', '', '', '', '', '', '', '', '']","[False, False, False, False, False, False, False, False, False, False, False, False, False, False, False, False, False, False, False, False, False, False, False, False, False, False, False, False, False, False, False, False, False, False, False, False, False, False, False, False]",True,False
Medical Malpractice Lawyer Denver,19,https://www.lawfirmofjeremyrosenthal.com/denver-medical-malpractice-lawyer/,28,28,1,55363,3050,1983,0,127,41,13,13,124.0,True,Denver Medical Malpractice Lawyer | Law Firm of Jeremy Rosenthal,True,1,['Denver Medical Malpractice Attorney'],[True],10,"['What Is Medical Malpractice?', 'What Are the Different Types of Medical Malpractice?', 'What Is a Doctor’s Duty of Care?', 'What Is the Statute of Limitations for a Medical Malpractice Suit in CO?', 'What Do I Need to File a Medical Malpractice Claim in CO?', 'Who Is Liable in a Medical Malpractice Suit?', 'What Damages Can I Recover From a Medical Malpractice Suit?', 'Why Should I Contact the Law Firm of Jeremy Rosenthal?', 'Free Case Evaluation', 'Office Location']","[True, True, False, True, True, True, True, False, False, False]",5,"['Medical Malpractice Resources:', 'Practice Areas', 'Quick Links', 'Request your Free Consultation', 'Contact Us']","[True, False, False, False, False]",6,"['NO ALT', 'Law Firm of Jeremy Rosenthal', 'Denver Medical Malpractice Attorney Free Consultation', 'Best Denver Medical Malpractice Lawyer', '', 'rize-logo']","[False, False, True, True, False, False]",True,False
Medical Malpractice Lawyer Denver,20,https://www.mahoneylaw.com/medical-malpractice/,25,25,2,26709,963,496,41,106,8,7,6,2.0,True,Medical Malpractice Lawyers in Denver,True,1,['Representing Victims Of Medical Malpractice'],[True],7,"['Assisting Victims Of Medical Negligence In Colorado', 'What To Do When Medical Negligence Leads To The Loss Of A Loved One', 'Contact Our Experienced Denver Malpractice Lawyers', 'Practice Areas', 'How Can We Help? Request A Free Consultation', 'Denver Office', 'Cheyenne Office']","[False, False, False, False, False, False, False]",0,[],[],18,"['The Mahoney Law Firm', 'super lawyers badge for paul mahoney', 'super lawyers badge for kevin mahoney', 'denver 5280 top lawyers badge', 'super lawyers badge', 'lead counsel rated badge', ""america's top 100 high stakes litigation badge for 2018"", 'the national trial lawyers top 100 trial lawyers badge', 'Lead Counsel Verified badge ', '', '', '', '', '', '', '', 'Lead Counsel Verified badge ', '']","[False, False, False, False, False, False, False, False, False, False, False, False, False, False, False, False, False, False]",True,False
Medical Malpractice Lawyer Denver,21,https://www.cristianolaw.com/denver-medical-malpractice-attorney/,17,24,5,2456,167,658,43,0,5,8,10,2.0,True,Denver Medical Malpractice Attorney - Cristiano Law,True,1,['Denver Medical Malpractice Attorney'],[True],3,"['Denver Hospital Malpractice Attorney', 'Call Us Today!', 'Testimonials']","[False, False, False]",4,"['Helping injury victims hold medical professionals accountable', 'Denver Hospital Malpractice Attorney', 'We travel throughout the entire state to meet with our clients.', 'Denver Medical Malpractice Lawyers']","[False, False, False, True]",10,"['Cristiano Law Logo', '', 'hand holding phone with Cristiano Law site pulled up', 'arrow down basic title hero background', 'testimonial placeholder female', 'testimonial placeholder male', 'testimonial placeholder male', 'Cristiano Law Logo', 'Google Reviews Logo', 'Epic Web Results Text Logo']","[False, False, False, False, False, False, False, False, False, False]",True,False
Medical Malpractice Lawyer Denver,22,https://www.gtinjurylaw.com/medical-malpractice-attorney,14,19,1,658,80,642,0,0,11,9,11,9.0,True,"Medical Malpractice Attorney Denver | Free Initial Consultations | Galloway Trigg, LLP",True,1,"['Medical Malpractice Attorney in Denver, CO']",[True],0,[],[],2,"['Contact Us', '303.226.4777']","[False, False]",5,"['Galloway Trigg', 'Galloway Trigg', 'medical malpractice attorney in denver, co', 'gavel and stethoscope denver co', 'Galloway Trigg']","[False, False, True, False, False]",False,False
Medical Malpractice Lawyer Denver,23,https://chalatlaw.com/practice-areas/professional-negligence/medical-malpractice/,32,25,1,24515,2134,1440,0,156,22,7,8,101.0,True,"Medical Malpractice Lawyer Denver, CO",True,1,"['Medical Malpractice Attorneys in Denver, CO']",[True],2,"['Complex Medical Malpractice Lawsuits Require Experience', 'Our Process']","[True, False]",7,"['Medical Malpractice Claims in Colorado', 'Contact Us Today', 'Frequently Asked Questions Regarding Medical Malpractice Cases', 'Serving Injured Victims of All Ages Throughout Colorado', 'Services', 'Firm', 'Resources']","[True, False, True, False, False, False, False]",1,['Chalat Law logo'],[False],True,False
Medical Malpractice Lawyer Denver,24,https://www.denvertrial.com/practice-areas/personal-injury-attorney/medical-malpractice-attorney/,19,17,1,9571,357,348,34,83,5,3,3,10.0,True,"Denver Medical Malpractice Attorney | Dormer Harpring, LLC",True,1,['Denver Medical Malpractice Lawyers'],[True],0,[],[],1,['Practice Areas'],[False],1,"['Dormer Harpring, LLC - Denver Personal Injury Lawyers.']",[False],True,False
Medical Malpractice Lawyer Denver,25,https://jordanlaw.com/practice-areas/medical-malpractice-attorney-denver/,26,29,4,10459,1211,1944,98,16,36,10,20,2.0,True,"Medical Malpractice Attorney Englewood & Centennial | Medical Malpractice Lawyer Greenwood Village, Littleton CO & Denver",True,1,['Denver Medical Malpractice Attorney'],[True],7,"['What is Medical Malpractice?', 'How Our Denver Medical Malpractice Attorneys Can Help', 'How To Establish a Medical Negligence Claim', 'Proving Negligence in Medical Malpractice Claims', 'The Most Common Types of Medical Malpractice Cases', 'Colorado Medical Malpractice Laws', 'How Can Our Denver Medical Malpractice Lawyers Help You?']","[True, True, False, True, True, True, True]",13,"['“Standard of Care” in Medical Malpractice Claims', 'Misdiagnosis', 'Delayed diagnosis', 'Surgical errors', 'Prescription medication errors', 'Anesthesia errors', 'Improper treatment', 'Informed consent violations', 'Gross negligence', 'Hospital negligence', 'Time limits', 'Procedural rules', 'Damage caps']","[True, False, False, False, False, False, False, False, False, False, False, False, False]",4,"['Jordan, Herington & Rowley Denver Personal Injury Lawyers Denver', 'Jordan, Herington & Rowley Denver Personal Injury Lawyers Denver', 'Denver Colorado Medical Malpractice Lawyer with Free Medical Malpractice Consultation.', 'Denver Colorado Medical Malpractice Lawyer with Free Medical Malpractice Consultation.']","[False, False, True, True]",True,False
Medical Malpractice Lawyer Denver,26,https://www.lampertwalsh.com/denver-personal-injury-lawyer/medical-malpractice/pharma-accident/,22,20,2,7808,459,543,53,90,0,5,4,,,Medical Malpractice Lawyers Denver - Lampert & Walsh,True,1,['Denver Pharmaceutical Accident Lawyer'],[False],0,[],[],1,['Our Denver Pharmaceutical Accident Lawyer will stand up for your rights and bring you the justice your family deserves'],[False],4,"['', '', 'NO ALT', 'NO ALT']","[False, False, False, False]",True,False
Medical Malpractice Lawyer Denver,27,https://www.leventhalsarlaw.com/medical-malpractice-lawyers/,19,24,1,767,454,1437,108,28,29,7,24,4.0,True,Medical Malpractice Lawyers Denver | Aurora Medical Negligence,True,1,['Medical Malpractice Lawyers'],[True],2,"['CLIENT-FOCUSED DENVER ATTORNEYS SERVING CHERRY CREEK, AURORA & THROUGHOUT COLORADO', 'How Can We Help You?']","[False, False]",8,"['Do I Have a Medical Malpractice Case?', 'Types of Medical Malpractice', 'How Long Does it Take to Settle a Medical Malpractice Case?', 'How are the Lawyer Fees for a Medical Malpractice Case Determined?', 'Who can File a Medical Malpractice Claim?', 'How Long After the Initial Event do I Have to File a Medical Malpractice Lawsuit?', 'How can a Medical Malpractice Claim be Proven?', 'Contact Our Dedicated Medical Malpractice Lawyers']","[True, True, True, True, True, True, True, True]",24,"['logo wt', 'logo wt', 'pablo 2 0', 'pablo 2 0', 'avvo 2', 'avvo 2', 'blue seal 81 171 bbb 90272384', 'blue seal 81 171 bbb 90272384', 'ntl', 'ntl', 'superlawyer', 'superlawyer', 'cba', 'cba', 'logo dk', 'logo dk', '', '', '', '', 'image1', 'image1', 'logo2', 'logo2']","[False, False, False, False, False, False, False, False, False, False, False, False, False, False, False, False, False, False, False, False, False, False, False, False]",True,False
Medical Malpractice Lawyer Denver,28,https://www.hkjp.com/professional-liability/medical-malpractice-defense/,26,24,1,6443,2511,478,0,0,7,0,7,54.0,True,Professional Liability Defense Attorney Denver |Medical Malpractice Lawyer Englewood,True,1,['Medical Malpractice Defense'],[True],0,[],[],4,"['Categories', 'Professional Liability', 'Cost-Effective Solutions In Civil Litigation', 'Learn More Today About How We Can Help You']","[False, False, False, False]",18,"['Harris, Karstaedt, Jamison & Powers, P.C.', 'Harris, Karstaedt, Jamison & Powers, P.C.', 'Colorado Bar Association', 'Colorado Bar Association', ""Best's Recommended Insurance Attorneys | Listed Over 10 Years"", ""Best's Recommended Insurance Attorneys | Listed Over 10 Years"", ""Best's Client Recommended Insurance Attorneys 2018"", ""Best's Client Recommended Insurance Attorneys 2018"", 'Themis Advocates Group | The National Network of Preeminent Law Firms', 'Themis Advocates Group | The National Network of Preeminent Law Firms', 'Colorado Defense Lawyers Association - The Civil Defense Bar', 'Colorado Defense Lawyers Association - The Civil Defense Bar', 'DRI Member', 'DRI Member', 'Harris, Karstaedt, Jamison & Powers, P.C.', 'Harris, Karstaedt, Jamison & Powers, P.C.', 'map', 'map']","[False, False, False, False, False, False, False, False, False, False, False, False, False, False, False, False, False, False]",True,False
Medical Malpractice Lawyer Denver,29,https://theanimallawfirm.com/veterinary-malpractice/,18,22,2,6178,2025,729,0,0,1,1,5,201.0,False,Veterinary Malpractice | Denver CO | The Animal Law Firm,False,1,['Veterinary Malpractice'],[False],2,"['Proving a Veterinary Malpractice Claim: Evidence You Need', 'GET IN TOUCH']","[False, False]",0,[],[],3,"['The Animal Law Firm', 'ftr logo', 'rize-logo']","[False, False, False]",True,False
Medical Malpractice Lawyer Denver,30,https://www.pintas.com/practice-areas/medical-malpractice-lawyer/,39,37,1,58491,13040,2658,83,120,54,1,51,1.0,True,Medical Malpractice Lawyers | Pintas & Mullins Law Firm | Get Help 24/7,True,1,['Medical Malpractice'],[True],17,"['Medical Malpractice Lawyer FAQs', 'How do I Know if I Need a Lawyer for Medical Malpractice?', 'Do I Have a Valid Case for Medical Malpractice?', 'What Damages Can Your Lawyer Claim for Malpractice?', 'How Will a Medical Malpractice Attorney Help Me?', 'What Are the Four Elements Your Lawyer Will Have to Prove?', 'What Is the Average Payout for Malpractice?', 'How do You Pay a Medical Malpractice Lawyer?', 'What Percentage does a Lawyer Get in a Medical Malpractice Lawsuit?', 'Our Medical Malpractice Lawyer Case Results', 'What Is the Statute of Limitations for Medical Malpractice?', 'A Lawyer Can Help You Understand if You Were a Victim', 'How to Choose a Good Medical Malpractice Lawyer', 'Talk to a Medical Malpractice Attorney for Free Today', 'Medical Malpractice Blog Posts:', 'Medical Malpractice FAQ:', 'Free Case Evaluation']","[True, True, True, False, True, False, False, True, True, True, True, False, True, True, True, True, False]",12,"['We Will Utilize the Combined Knowledge of Our Team', 'We Will Conduct a Thorough Investigation', 'We Will Fight to Defend You', 'We Will Calculate and Pursue a Claim for Fair Compensation', 'We Allow You to Focus on Recovery', 'We Will Be Your Strongest Advocates', 'Duty of Care', 'Standard of Care and Violation of the Standard of Care', 'Causation', 'Documentation of Injury and Losses', 'Locations', 'Injured? Tell Us What Happened.We are here to ensure that your voice is heard. If you or a loved one was wrongfully injured, we want to hear about it. Contact us today and we’ll review your case for free.firstName(Required) lastName(Required) phone(Required) email(Required) Select State(Required)Select State*AlabamaAlaskaArizonaArkansasCaliforniaColoradoConnecticutDelawareDistrict of ColumbiaFloridaGeorgiaHawaiiIdahoIllinoisIndianaIowaKansasKentuckyLouisianaMaineMarylandMassachusettsMichiganMinnesotaMississippiMissouriMontanaNebraskaNevadaNew HampshireNewJerseyNew MexicoNew YorkNorth CarolinaNorth DakotaOhioOklahomaOregonPennsylvaniaRhode IslandSouth CarolinaSouth DakotaTennesseeTexasUtahVermontVirginiaWashingtonWest VirginiaWisconsinWyomingAmerican SamoaGuamThe Northern Mariana IslandsPuerto RicoU.S. Virgin IslandsmessageHow would you like to contact you?CallTextE-mailPhoneThis field is for validation purposes and should be left unchanged.  Δ']","[False, False, False, False, False, False, False, False, False, False, False, False]",6,"['Personal Injury and Accident Attorneys - Pintas & Mullins Law Firm', 'a surgeon looking at an x-ray', 'Can You Have a Medical Malpractice Case Regardless of Age', 'Can You Have a Medical Malpractice Case Regardless of Age?', '', 'DMCA.com Protection Status']","[False, False, True, True, False, False]",True,False
Medical Malpractice Lawyer Denver,31,https://www.comparably.com/salaries/salaries-for-medical-malpractice-attorney-in-denver-co,64,36,-1,118258746,128814,37,0,0,0,0,0,,,Just a moment...,False,1,['www.comparably.com'],[False],1,['Checking if the site connection is secure'],[False],0,[],[],1,['NO ALT'],[False],False,False
Medical Malpractice Lawyer Denver,32,https://www.johnastunolaw.com/,16,28,2,7773,149,455,71,115,5,10,6,153.0,True,Denver CO Personal Injury Attorney | Medical Malpractice Lawyer,True,1,['Denver Personal Injury Lawyer John Astuno Jr.'],[False],4,"['My History Of Dedication To My Clients', 'Schedule a Free Consultation Today', 'How To Reach Us', 'Contact the Firm']","[False, False, False, False]",3,"['Office Address:', 'Phone:', 'Office Address:']","[False, False, False]",4,"['Photo of attorney John Astuno Jr.', 'Map of Denver office location', 'Map of Denver office location', 'Rated by Super Lawyers | John Astuno, Jr.']","[False, False, False, False]",True,False
Medical Malpractice Lawyer Denver,33,https://ll.law/medical-malpractice,19,23,4,8102,980,1299,101,38,29,8,21,5.0,True,"Medical Malpractice in Denver & Colorado Springs, CO",True,1,['Medical Malpractice'],[True],1,"['Medical Malpractice Denver Attorneys Serving Cherry Creek, Denver, Aurora, Colorado Springs & Throughout Colorado']",[True],9,"['Do I Have a Medical Malpractice Case?', 'Types of Medical Malpractice', 'How Long Does it Take to Settle a Medical Malpractice Case?', 'How are the Lawyer Fees for a Medical Malpractice Case Determined?', 'Who can File a Medical Malpractice Claim?', 'How Long After the Initial Event do I Have to File a Medical Malpractice Lawsuit?', 'How can a Medical Malpractice Claim be Proven?', 'Contact Our Dedicated Medical Malpractice Lawyers', 'CONTACT US']","[True, True, True, True, True, True, True, True, False]",4,"['Lewis | Kuhn | Swan PC - Colorado Springs Employment Law Attorneys', '', 'Medical Malpractice', '']","[False, False, True, False]",False,False
Medical Malpractice Lawyer Denver,34,https://medicalmalpracticelawyers.com/denver-hospital-faces-lawsuit-after-internal-bleeding-death-of-24-year-old-patient-shortly-after-discharge/,30,23,1,209731,4670,1314,450,38,105,9,14,31.0,True,Denver Hospital Faces Lawsuit After Internal Bleeding Death Of 24-Year-Old Patient Shortly After Discharge - Medical Malpractice Lawyers,True,1,['Denver Hospital Faces Lawsuit After Internal Bleeding Death Of 24-Year-Old Patient Shortly After Discharge'],[False],2,"['Post navigation', 'Talk to a Lawyer Today']","[False, False]",0,[],[],5,"['logo', 'logo', '', '', '']","[False, False, False, False, False]",True,False
Medical Malpractice Lawyer Denver,35,https://www.omtrial.com/litigation-solutions/medical-malpractice/,25,30,1,44594,1898,734,8,0,13,1,6,41.0,True,"Medical Malpractice Lawyers - Ogborn Mihm, LLP - Denver, Colorado",True,1,['Medical Malpractice'],[True],8,"['Medical Errors are Now the Third Leading Cause of Death in the U.S.', 'What is Medical Malpractice?', 'Ogborn Mihm Advocates for Medical Malpractice Victims', 'Medical Malpractice Lawyers', 'Related Posts', 'What Circumstances Increase the Risk of Medical Mistakes?', 'How Does a Medical Malpractice Lawsuit Work?', 'Medical Judgment May Be “False or Fraudulent” Under the False Claims Act: U.S. Ex Rel. Polukoff V. St. Mark’s Hospital']","[False, True, True, True, False, False, True, False]",12,"['Contact Us Today', 'Amanda Pfeil Hood', 'Peter A. McClenahan', 'Murray Ogborn', 'Nicole M. Quintana', 'Amy Rogers', 'Steve Shapiro', 'Melissa Winthers', 'Kylie Schmidt', 'Colorado Office', 'California Office', 'South Dakota Office']","[False, False, False, False, False, False, False, False, False, False, False, False]",64,"['Facebook', 'Facebook', 'fb-share-icon', 'fb-share-icon', 'Twitter', 'Twitter', 'Tweet', 'Tweet', 'LinkedIn', 'LinkedIn', 'Share', 'Share', 'Facebook Icon.', 'Facebook Icon.', 'LinkedIn Icon.', 'LinkedIn Icon.', 'Phone Icon.', 'Phone Icon.', 'Ogborn Mihm LLP.', 'Ogborn Mihm LLP.', 'Facebook', 'Facebook', 'LinkinIn', 'LinkinIn', 'Phone Number', 'Phone Number', 'Medical Malpractice Law Firm Denver, Colorado.', 'Medical Malpractice Law Firm Denver, Colorado.', 'Medical Malpractice Lawyers Denver, Colorado.', 'Medical Malpractice Lawyers Denver, Colorado.', 'Amanda Pfeil Hood', 'Amanda Pfeil Hood', 'Peter A. McClenahan', 'Peter A. McClenahan', 'Murray Ogborn', 'Murray Ogborn', 'Nicole M. Quintana', 'Nicole M. Quintana', 'Amy Rogers', 'Amy Rogers', 'Steve Shapiro', 'Steve Shapiro', 'Melissa Winthers', 'Melissa Winthers', 'Kylie Schmidt', 'Kylie Schmidt', '', '', 'How Does A Medical Malpractice Lawsuit Work.', 'How Does A Medical Malpractice Lawsuit Work.', 'FCA False Claims Act Attorneys And Lawyers Denver Colorado.', 'FCA False Claims Act Attorneys And Lawyers Denver Colorado.', 'Phone Icon.', 'Phone Icon.', 'Fax Icon.', 'Fax Icon.', 'Phone Icon.', 'Phone Icon.', 'Phone Icon.', 'Phone Icon.', 'Facebook Icon.', 'Facebook Icon.', 'LinkedIn Icon.', 'LinkedIn Icon.']","[False, False, False, False, False, False, False, False, False, False, False, False, False, False, False, False, False, False, False, False, False, False, False, False, False, False, True, True, True, True, False, False, False, False, False, False, False, False, False, False, False, False, False, False, False, False, False, False, True, True, False, False, False, False, False, False, False, False, False, False, False, False, False, False]",True,False
Medical Malpractice Lawyer Denver,36,https://www.parkerlipman.com/practice-areas/medical-malpractice/,20,15,28,1439,243,1232,63,93,12,2,9,1.0,True,Denver Medical Malpractice Lawyers | 100 Years’ Combined Experience,True,0,[],[],3,"['We Handle Cases Across Colorado', 'What Is Medical Malpractice?', 'Our Track Record of Success']","[False, True, False]",1,['Get in Touch Today'],[False],11,"['Parker Lipman', 'Parker Lipman', '', '', '', '', '', '', 'Parker Lipman', 'Parker Lipman', 'Internet Marketing Experts']","[False, False, False, False, False, False, False, False, False, False, False]",False,False
Medical Malpractice Lawyer Denver,37,https://www.earlandearl.com/medical-malpractice-lawyer/,26,29,1,8935,656,1851,5,181,36,4,20,108.0,True,"Colorado Medical Malpractice Lawyer | Earl & Earl, PLLC",True,1,['Medical Malpractice Attorney in Colorado'],[True],5,"['Top Medical Malpractice Attorney in Colorado Springs', '', 'What Are Common Medical Malpractice Cases?', 'How Will I Know if I Have a Case for Malpractice?', 'Earl & Earl, PLLC Are Malpractice Lawyers in Colorado Who Have the Skillset and Tenacity to Defend You in a Court of Law.']","[True, False, True, False, False]",0,[],[],11,"['Earl & Earl, PLLC', '', 'attorney', 'Collin Earl', 'Ryan Earl', 'Joshua Robnett', 'Brian E. Hefner', 'Consultwebs', 'Simple Share Buttons', 'Simple Share Buttons', 'facebook_pixel']","[False, False, False, False, False, False, False, False, False, False, False]",True,False
Medical Malpractice Lawyer Denver,38,https://bencrump.com/faqs/what-are-the-most-common-medical-malpractice-claims/,49,35,3,30198,6125,1456,123,103,20,0,23,6.0,True,What Are the Most Common Medical Malpractice Claims? | Medical Malpractice | Ben Crump,True,1,['What Are the Most Common Medical Malpractice Claims?'],[True],14,"['Misdiagnosis or Delayed Diagnosis', 'Failure to Treat', 'Prescription Drug Errors', 'Surgical or Procedural Errors', 'Childbirth Injuries', 'How a Medical Malpractice Lawyer Can Help You', 'Call Our Medical Malpractice Law Firm Today for a Free Case Evaluation', 'Medical Malpractice FAQ:', 'Get Your FreeCase Review', 'When you’re ready, we’re here to help.', 'Washington DC', 'Tallahassee', 'Los Angeles', 'Sacramento']","[False, False, False, False, False, True, True, True, False, False, False, False, False, False]",0,[],[],15,"['Ben Crump Logo', 'What Are the Most Common Medical Malpractice Claims?', 'Are Doctors Liable For Misdiagnosis?', 'How Long Do You Have to Sue a Doctor After Surgery?', 'What Constitutes Medical Malpractice In Florida?', 'How Do I File A Malpractice Suit Against A Doctor?', 'What Is the Difference Between Wrongful Death and Survival Action?', 'Are Doctors Liable For Misdiagnosis?', 'How Long Do You Have to Sue a Doctor After Surgery?', 'partners', 'partners', 'partners', 'partners', 'ben crump logo', 'Brandlytics']","[False, True, False, False, True, False, False, False, False, False, False, False, False, False, False]",True,False
Medical Malpractice Lawyer Denver,39,https://www.medicalmalpracticehelp.com/lawyer/state-laws/colorado/,26,28,-1,1942,967,4122,97,21,24,2,14,146.0,True,Colorado Medical Malpractice Laws | Medical Malpractice Help,True,1,['Colorado Medical Malpractice Laws'],[True],17,"['Free Case Evaluation', 'The Law of Medical Malpractice in Colorado:', 'I. Overview of Basic Principles and Concepts', 'II. Filing Deadlines for Medical Malpractice Claims', 'III. Certificate of Review and Other Requirements', 'IV. Immunities and Limitations on Liability', 'V. Medical Expert Witnesses', 'VI. Comparative Negligence / Proportionate Liability', 'VII. Limitations on Damages', 'VIII. Limitations on Attorney Fees', 'IX. Patient Compensation Funds', 'X. Apologies and Sympathetic Gestures', 'XI. Communications with Treating Physicians', 'XII. Disclaimer', 'Colorado -  News Articles', 'Primary Sidebar', 'Footer']","[False, True, False, True, False, False, False, False, False, False, False, False, False, False, False, False, False]",22,"['A Survey of Basic Considerations', 'Basic Time Limit', 'Unknown Injuries', 'Foreign Objects', 'Concealment', 'Injured Patients Who Are Minors', 'Certificate of Review', 'Specifics of the Requirement', 'A Case Example', 'Notice to Patient’s Health Insurer', 'Presuit Notice', 'Arbitration', 'Emergency Medical Care', 'Government Defendants', 'Genetic Screening and Counseling', 'Failure to Warn About Mental Health Patient’s Violent Behavior', 'Who Qualifies?', 'An Example', 'Daubert Challenges', 'Overall Cap', 'Exceptions to the Cap', 'Exemplary Damages']","[False, False, False, False, False, False, False, False, False, False, False, False, False, False, False, False, False, False, False, False, False, False]",10,"['Medical Malpractice Help | Medical Negligence Legal Resources and Laws', 'Medical Malpractice Help', 'Medical Malpractice News', 'Medical Malpractice Lawyer in Colorado', 'Children’s Hospital Colorado Found Negligent; Pressey Family Awarded $11.9 Million', 'Jury Finds Colorado Doctor Negligent for Child’s Brain Damage;  Family Awarded $4 Million', 'How Do You Investigate Your Medical Malpractice Case?', 'Symptoms', 'How Do You Know If You Have Alcohol Poisoning?', '']","[True, True, True, True, False, False, True, False, False, False]",True,True
Medical Malpractice Lawyer Denver,40,https://militarymedicalmalpractice.net/,22,32,1,4684,1034,1476,20,71,19,0,20,2.0,True,Military Medical Malpractice Lawyers | (800) 798-9529,True,1,['Military Medical Malpractice & VA Medical Malpractice Lawyers'],[True],5,"['Case Results Against the Army, Navy, Air Force, and the Department of Veterans Affairs', 'Can I sue the VA or Military for Medical Malpractice?', 'Why Choose Archuleta Law Firm?', 'Free U.S. Military and Veterans Medical Malpractice Case Evaluation', 'We Help Veterans Win FTCA Claims']","[False, True, False, True, False]",13,"['$4,900,000', '$13,690,648', '$3,000,000', '$44,717,681', '$18,708,734', '$2,500,000', 'Malpractice Case Evaluation', 'Client Reviews', 'Experienced Physician-Attorney on YOUR Side', 'Get the Right Military and VA Medical Malpractice Lawyers in YOUR Corner Today', 'Case Types', 'The Law Firm You Choose May Be the Most Important Decision You Ever Make About Your Case', 'Video Transcript']","[False, False, False, False, False, False, False, False, False, True, False, False, False]",78,"['fbpx', 'HD Logo - Military Medical Malpractice Lawyers', '', 'google-icon', '', '', '', '', '', 'google-icon', '', '', '', '', '', 'google-icon', '', '', '', '', '', 'google-icon', '', '', '', '', '', 'google-icon', '', '', '', '', '', 'Birth Injury -Military Medical Malpractice', 'Birth Injury -Military Medical Malpractice', '', '', 'Brain Injury - Military Medical Malpractice', 'Brain Injury - Military Medical Malpractice', '', '', 'Spinal injury -Military Medical Malpractice', 'Spinal injury -Military Medical Malpractice', '', '', 'woman grieving - Military Medical Malpractice', 'woman grieving - Military Medical Malpractice', '', '', 'distressed woman and doctor - Military Medical Malpractice', 'distressed woman and doctor - Military Medical Malpractice', '', '', 'man in crutches - Military Medical Malpractice', 'man in crutches - Military Medical Malpractice', '', '', 'Surgical instruments - Military Medical Malpractice', 'Surgical instruments - Military Medical Malpractice', '', '', 'upset doctor -Military Medical Malpractice', 'upset doctor -Military Medical Malpractice', '', '', 'Veterans Administration Logo - Military Medical Malpractice', 'Veterans Administration Logo - Military Medical Malpractice', 'Air Force logo - Military Medical Malpractice', 'Air Force logo - Military Medical Malpractice', 'Army Logo - Military Medical Malpractice', 'Army Logo - Military Medical Malpractice', 'Navy logo - Military Medical Malpractice', 'Navy logo - Military Medical Malpractice', '', '', 'HD Logo - Military Medical Malpractice Lawyers', 'HD Logo - Military Medical Malpractice Lawyers', '']","[False, True, False, False, False, False, False, False, False, False, False, False, False, False, False, False, False, False, False, False, False, False, False, False, False, False, False, False, False, False, False, False, False, True, True, False, False, True, True, False, False, True, True, False, False, True, True, False, False, True, True, False, False, True, True, False, False, True, True, False, False, True, True, False, False, True, True, True, True, True, True, True, True, False, False, True, True, False]",True,False
Medical Malpractice Lawyer Denver,41,https://www.bestlawyers.com/united-states/colorado/denver/medical-malpractice-law-plaintiffs,55,39,1,8059573,164388,2449,0,37,30,25,33,7.0,True,"Best Denver, Colorado Medical Malpractice Law - Plaintiffs Lawyers | Best Lawyers",True,1,"['Find Lawyers in  Denver, Colorado for Medical Malpractice Law - Plaintiffs']",[True],4,"['Medical Malpractice Law - Plaintiffs - Denver, Colorado', 'Medical Malpractice Law - Plaintiffs Definition', 'Our Methodology', 'In Brief']","[True, True, False, False]",1,['The Process'],[False],55,"['Best Lawyers logo', 'Best Lawyers logo', 'Spinning circle', 'Big letter B', 'Evan P. Banker', 'Evan P. Banker', 'Evan P. Banker', 'James H. ""Jim"" Chalat', 'James H. ""Jim"" Chalat', 'James H. ""Jim"" Chalat', 'Michael O\'Brien ""Mike"" Keating', 'Michael O\'Brien ""Mike"" Keating', 'Michael O\'Brien ""Mike"" Keating', 'Christopher P. ""Chris"" Koupal', 'Christopher P. ""Chris"" Koupal', 'Christopher P. ""Chris"" Koupal', 'Dan Lipman', 'Dan Lipman', 'Dan Lipman', 'Peter A. McClenahan', 'Peter A. McClenahan', 'Peter A. McClenahan', 'Angela McGraw', 'Angela McGraw', 'Angela McGraw', 'Deirdre Ostrowski', 'Deirdre Ostrowski', 'Deirdre Ostrowski', 'Lorraine E. Parker', 'Lorraine E. Parker', 'Lorraine E. Parker', 'Robert A. ""Bob"" Wagner', 'Robert A. ""Bob"" Wagner', 'Robert A. ""Bob"" Wagner', 'Melissa Winthers', 'Melissa Winthers', 'Lawyer of the Year Badge', 'David S. Woodruff', 'David S. Woodruff', 'David S. Woodruff', 'Charles R. Mendez', 'Charles R. Mendez', 'Charles R. Mendez', 'Best Lawyers: Ones to Watch logo', 'Best Lawyers: Ones to Watch logo', 'Heimberg Barr, LLP logo', 'Repurposed Products and Copyright Infringemen', 'Truck Driver Wage and Overtime Laws in the US', 'Divorcing an Uncooperative Partner', 'Lawyers sitting around a table in conference room', 'Headshot of man with dark suit and red tie outside in front of fountain', 'Choosing the Title Company As Seller', 'Best Lawyers logo', '', '']","[False, False, False, False, False, False, False, False, False, False, False, False, False, False, False, False, False, False, False, False, False, False, False, False, False, False, False, False, False, False, False, False, False, False, False, False, False, False, False, False, False, False, False, False, False, False, False, False, False, False, False, False, False, False, False]",False,False
Medical Malpractice Lawyer Denver,42,https://jguestlaw.com/practice-areas/personal-injury/medical-malpractice/,18,18,8,3594,413,564,70,135,10,3,4,20.0,True,"Denver, CO Medical Malpractice Attorneys | Law Office of James H. Guest, L.L.C.",True,1,"['Medical Malpractice Attorneys in Denver, Colorado']",[True],4,"['Comprehensive Guidance After A Medical Malpractice Incident', 'Comprehensive Representation You Can Trust', 'Our Role Is Important In The Recovery Process', 'Contact A Medical Malpractice Lawyer At Our Firm Today']","[True, False, False, True]",0,[],[],1,"['Law Office of James H. Guest, L.L.C. Logo']",[False],False,False
Medical Malpractice Lawyer Denver,43,https://www.coloradosuperlawyer.com/practice-areas/medical-malpractice/medical-malpractice-testimonials/,20,19,-1,1351,417,348,225,32,4,5,5,4.0,True,Medical Malpractice Testimonials | DENVER INJURY LAW : High Stakes Law,True,0,[],[],4,"['Medical Malpractice Testimonials', 'Medical Malpractice Testimonials', 'Latest News & Cases', 'Nation’s Top Personal Injury Lawyer']","[True, True, False, False]",3,"['Lifelong Annuity in Failure to Diagnose Case', 'Perseverance Prevails Against Top Defense Team', 'Leave a Reply Cancel reply']","[False, False, False]",1,['DENVER INJURY LAW : High Stakes Law'],[False],True,False
Medical Malpractice Lawyer Denver,44,https://messner.com/messner-reeves-llps-denver-trial-lawyers-secure-defense-trial-victory-in-medical-malpractice-case/,35,21,1,33534,2916,1145,0,0,2,4,11,65.0,True,Messner Reeves LLP’s Denver Trial Lawyers Secure Defense Trial Victory in Medical Malpractice Case - Messner Reeves LLP Messner Reeves LLP,True,1,['Messner Reeves LLP’s Denver Trial Lawyers Secure Defense Trial Victory in Medical Malpractice Case'],[True],11,"['Messner Reeves LLP is proud to announce that partners Bruce A. Montoya\xa0and\xa0Kate A. Bailey\xa0tried and won a defense verdict in a Colorado medical malpractice case.', 'Recent News', 'Categories', 'Learn More About Our Capabilities', 'Links', 'Contact Us', 'CBD & Industrial Hemp', 'Real Estate', 'Litigation', 'Corporate Structuring', 'NOTICE AT COLLECTION']","[True, False, False, False, False, False, False, False, False, False, False]",2,"['Licensing/Compliance', 'Banking & Financial']","[False, False]",20,"['Messner Reeves', 'Messner Reeves', 'NO ALT', 'NO ALT', 'NO ALT', 'NO ALT', 'NO ALT', 'NO ALT', '', '', '', '', '', '', '', '', '', '', '', '']","[False, False, False, False, False, False, False, False, False, False, False, False, False, False, False, False, False, False, False, False]",True,False
Medical Malpractice Lawyer Denver,45,https://www.burgsimpson.com/attorney/scott-j-eldredge/,43,36,1,1961572,15127,1031,254,312,17,9,33,19.0,True,Scott J. Eldredge | Colorado Medical Malpractice Attorneys,True,1,['Scott J. Eldredge'],[False],1,['About Scott'],[False],9,"['Shareholder', 'Honors & Accolades', 'Bar Admissions', 'Education', 'Professional Affiliations', 'Publications & Media', 'Lectures & Seminars', 'Free case evaluation form', 'Newsletter']","[False, False, False, False, False, False, False, False, False]",36,"['logo', 'logo', 'Attorney image for attorney post ID#862', 'Attorney image for attorney post ID#862', 'Attorney image for attorney post ID#862', 'Attorney image for attorney post ID#862', 'Accolade Image #wYO80zJazPp9', 'Accolade Image #wYO80zJazPp9', 'Accolade Image #aVVv8CKIj29v', 'Accolade Image #aVVv8CKIj29v', 'Accolade Image #nFx6Bs3GhJvV', 'Accolade Image #nFx6Bs3GhJvV', 'Accolade Image #nVM4HzkKYqn9', 'Accolade Image #nVM4HzkKYqn9', 'Accolade Image #AfqFIFGbt8ly', 'Accolade Image #AfqFIFGbt8ly', 'Accolade Image #j9fAXFgEw68e', 'Accolade Image #j9fAXFgEw68e', 'Accolade Image #fvYYD6z4VsPI', 'Accolade Image #fvYYD6z4VsPI', 'Accolade Image #k5hmgz1xP9EI', 'Accolade Image #k5hmgz1xP9EI', 'Accolade Image #wzzywRWH4Ilc', 'Accolade Image #wzzywRWH4Ilc', 'Award Image #IsQAn8HcSEG3', 'Award Image #IsQAn8HcSEG3', 'Award Image #UXwxfsDH5d1y', 'Award Image #UXwxfsDH5d1y', 'Award Image #VsuJ7ThRRsO7', 'Award Image #VsuJ7ThRRsO7', 'Award Image #JORxFbtCMdpN', 'Award Image #JORxFbtCMdpN', 'Award Image #Qf69BtYtjH7z', 'Award Image #Qf69BtYtjH7z', 'Footer Logo', 'Footer Logo']","[False, False, False, False, False, False, False, False, False, False, False, False, False, False, False, False, False, False, False, False, False, False, False, False, False, False, False, False, False, False, False, False, False, False, False, False]",True,False
Medical Malpractice Lawyer Denver,46,https://www.helpincolorado.com/practice-areas/medical-malpractice-colorado/,22,19,3,1936,72,2796,72,54,30,1,10,1.0,True,Denver Medical Malpractice Attorneys • Legal Help In Colorado,True,1,['Medical Malpractice – Legal Help In Colorado'],[True],7,"['Medical Malpractice Lawsuits', 'Types of Medical Malpractice', 'Types of Medical Malpractice', 'Medical Malpractice: A General Overview', 'Key Considerations', 'The Certificate of Review', 'Why You Need a Personal Injury Lawyer']","[True, True, True, True, False, False, False]",4,"['Call: (303) 351-2567', 'When Does a Medical Malpractice Claim Arise?', 'Statute of Limitations', 'Capping Medical Malpractice Damages']","[False, True, False, True]",14,"['', '', '', '', '', '', 'Top lawyers-denver 2022', 'Top lawyers-denver 2022', '', '', '', '', 'Expert batch lawyer 2022', 'Expert batch lawyer 2022']","[False, False, False, False, False, False, False, False, False, False, False, False, False, False]",True,False
Medical Malpractice Lawyer Denver,47,https://www.purvisgray.net/professional-malpractice/,25,18,1,36440,515,893,99,77,2,8,23,169.0,True,"Professional Malpractice Attorney | Purvis Gray Thomson, LLP",False,1,['Colorado Professional Malpractice Lawyer'],[False],3,"['Evaluating Negligence for a Malpractice Claim', 'Time Limit for Filing Malpractice Claims in Colorado', 'Why You Need Help From an Attorney']","[False, False, False]",1,['Practice Areas'],[False],4,"['site-logo', 'NO ALT', 'NO ALT', 'NO ALT']","[False, False, False, False]",True,False
Medical Malpractice Lawyer Denver,48,https://www.thomaskeel.com/bio/,14,20,6,355,25,2361,25,136,12,12,35,240.0,False,Bio - TK&L | TK&L,False,0,[],[],5,"['Isobel S. Thomas', 'Jennifer L. Keel', 'Matthew R. Laird', 'Courtney Rose Klontz', ""You Shouldn't Need To Pay Just To Know Your Rights""]","[False, False, False, False, False]",21,"['Practice Areas', 'Bar Admissions', 'Education', 'Memberships & Affiliations', 'Professional Recognition', 'Speaking Engagements & Publications', 'Practice Areas', 'Bar Admissions', 'Education', 'Professional Recognition', 'Publications', 'Professional Affiliations', 'Practice Areas', 'Education', 'Bar Admissions', 'Professional Recognition', 'Memberships & Affiliations', 'Experience', 'Speaking Engagements & Publications:', 'Features:', 'Consultations are 100% free. You can’t afford NOT to call.']","[False, False, False, False, False, False, False, False, False, False, False, False, False, False, False, False, False, False, False, False, False]",52,"['TK&L', 'TK&L', 'Isobel', 'Isobel', 'award', 'award', 'award', 'award', 'award', 'award', 'award', 'award', 'award', 'award', 'award', 'award', 'jen', 'jen', 'award', 'award', 'award', 'award', 'award', 'award', 'award', 'award', 'award', 'award', 'award', 'award', 'matt', 'matt', 'award', 'award', 'award', 'award', 'award', 'award', 'award', 'award', 'award', 'award', 'award', 'award', '7', '7', '', '', '', '', 'TK&L', 'TK&L']","[False, False, False, False, False, False, False, False, False, False, False, False, False, False, False, False, False, False, False, False, False, False, False, False, False, False, False, False, False, False, False, False, False, False, False, False, False, False, False, False, False, False, False, False, False, False, False, False, False, False, False, False]",True,False
Medical Malpractice Lawyer Denver,49,https://reinanlaw.com/areas-of-practice/mental-health-addiction-rehabilitation-neglect-abuse/,19,29,1,5943,662,369,50,465,0,5,10,,,Mental Health Lawyer Colorado | Psychiatric Malpractice Lawyer | Reinan Law,False,1,['Reinan Law’s Mental Health Lawyers'],[False],1,['Psychiatric Malpractice Lawyers'],[False],2,"['For People Who Do Not Receive Excellent Care, Call Reinan Law and talk with our mental health attorneys', 'Contact Us Today']","[False, False]",4,"['Reinan Law', 'Reinan Law', 'Mental Health Lawyers Colorado', 'Mental Health Lawyers Colorado']","[False, False, False, False]",True,False
Medical Malpractice Lawyer Denver,50,https://www.mintzlawfirm.com/personal-injury/medical-malpractice/,27,22,2,5326,1139,1040,87,108,17,3,9,9.0,True,Lakewood Medical Malpractice Attorneys | Mintz Law Firm,True,1,['Lakewood Medical Malpractice Attorney'],[True],9,"['What Is Medical Malpractice?', 'Examples of Medical Malpractice', 'Determining Liability in Colorado Medical Malpractice Cases', 'Is There a Statute of Limitations for Medical Malpractice Cases in Colorado?', 'Contact an Experienced Lakewood Medical Malpractice Attorney in Colorado Today', 'schedule your free consultation', 'free injury claim review', 'Find Out if We Can Help', 'Contact Us']","[True, True, True, True, True, False, False, False, False]",10,"['DEDICATED PERSONAL INJURY REPRESENTATION', 'Birth Injury', 'Chiropractic Negligence', 'Surgical Malpractice', 'Misdiagnosis', 'Medication Errors', 'contact us', 'Practice Areas', 'Links', 'Free Consultation']","[False, False, False, False, False, False, False, False, False, False]",24,"['the mintz law firm logo', 'the mintz law firm logo', 'log9', 'log9', 'Lakewood Medical Malpractice Lawyers', 'Lakewood Medical Malpractice Lawyers', '', '', 'log9', 'log9', 'ctla', 'ctla', 'martindale', 'martindale', 'cba (1)', 'cba (1)', 'avvo (2)', 'avvo (2)', 'aaj', 'aaj', 'google', 'google', 'mintz law firm logo', 'mintz law firm logo']","[False, False, False, False, True, True, False, False, False, False, False, False, False, False, False, False, False, False, False, False, False, False, False, False]",True,False
Medical Malpractice Lawyer Denver,51,https://www.innercircle.org/LawyerSearch/JamesMLeventhal,35,26,2,49715,789,220,0,0,10,3,20,30.0,True,"Attorney Jim Leventhal Plaintiff Lawyer Denver, CO | Inner Circle",False,3,"['Jim  Leventhal', 'SEARCH OURLAWYERS', ""WATCH OURFOUNDER'S VIDEO""]","[False, False, False]",0,[],[],0,[],[],4,"['Inner Circle logo', 'Jim  Leventhal', 'search our lawyer database', 'Richard Grand']","[False, False, False, False]",False,False
Medical Malpractice Lawyer Denver,52,https://gamalawfirm.com/personal-injury/medical-malpractice/,22,25,1,7260,883,513,129,128,12,2,7,12.0,True,"Medical Malpractice Attorneys in Aurora, Colorado | Gama Law Firm LLC",True,1,"['Medical Malpractice Attorneys in Aurora, Colorado']",[True],2,"['Build Your Case for A Healthy Recovery', 'Contact']","[False, False]",1,['Medical Professionals Sometimes Get It Wrong'],[False],2,"['Gama Law Firm LLC Logo', 'Gama Law Firm LLC Logo']","[False, False]",False,False
Medical Malpractice Lawyer Denver,53,https://www.rogercastlelaw.com/firm-overview/,17,16,1,10570,421,725,27,101,0,2,8,,,Denver CO Personal Injury Attorney | CO Product Defect Medical Legal Malpractice Lawyer,False,1,['Firm Overview'],[False],0,[],[],0,[],[],5,"['I firm', 'Super Lawyer', 'ASLA', 'Av', 'Best Medical Malpractice Lawyers in Denver']","[False, False, False, False, True]",True,False
Medical Malpractice Lawyer Denver,54,https://www.slocumblaw.com/medical-malpractice,26,26,1,13470,4282,859,167,81,12,1,5,1.0,True,Medical Malpractice Lawyers | Mike Slocumb Law Firm,True,1,['Medical Malpractice Attorneys'],[True],2,"['Common Characteristics of Medical Malpractice Cases', 'We Want To Speak To You\t\t\t\t\t\t\t\t\t\t\t\t\tAbout Your Case']","[True, False]",2,"['If a Health Care Professional Caused You Injury, Contact Mike Slocumb Law Firm', 'Other Requirments for Medical Malpractice Claims']","[False, True]",8,"['Mike Slocumb Law Firm', 'Mike Slocumb Law Firm', '', '', '', '', 'Mike Slocumb Law Firm', 'Mike Slocumb Law Firm']","[False, False, False, False, False, False, False, False]",False,False
Medical Malpractice Lawyer Denver,55,https://www.boohofflaw.com/settlement-for-medical-malpractice/,37,33,2,5623,1130,1595,0,0,20,0,8,30.0,True,What Is the Average Settlement for Medical Malpractice? - Boohoff Law P.A.,True,1,['What Is the Average Settlement for Medical Malpractice?'],[True],7,"['The Most Common Complaints in Medical Malpractice Claims', 'How Much Is My Medical Malpractice Claim Worth?', 'Determining Your Special Damages', 'Determining Your General Damages', 'Seeking Legal Help from a Medical Malpractice Lawyer', 'Recovery is personal.', ""You're better off with Boohoff.""]","[True, True, False, False, True, False, False]",3,"['Seattle Personal Injury Information Center', 'Brandon Personal Injury Information Center', 'Tampa Personal Injury Information Center']","[False, False, False]",16,"['Boohoff Law', '', 'Boohoff Law', 'stars', '% star rating', '5 star rating', 'avvo', 'aba', 'florida-bar', 'trial', 'washington-bar', 'best', 'botb-medallion', 'expertise', 'Boohoff Law', 'mobile']","[False, False, False, False, False, False, False, False, False, False, False, False, False, False, False, False]",True,False
Medical Malpractice Lawyer Denver,56,https://semlerlaw.com/legal-malpractice/,17,22,1,975,186,580,48,10,2,2,21,477.0,False,"Legal Malpractice Lawyer Denver, Attorneys - Semler Law",False,1,"['Legal Malpractice Lawyers in Denver, Colorado']",[False],2,"['Legal Malpractice', 'Footer']","[False, False]",4,"['Let us know how we can help.', 'Semler & Associates, P.C', 'Contact Us', 'Our Location']","[False, False, False, False]",9,"['NO ALT', 'NO ALT', 'NO ALT', 'Semler & Associates, P.C.', '', 'NO ALT', 'NO ALT', 'NO ALT', '']","[False, False, False, False, False, False, False, False, False]",True,False
Medical Malpractice Lawyer Denver,57,https://www.lawyers.com/medical-malpractice/find-law-firms-by-location/,75,50,15,54108507,4778322,1442,144,178,94,1,132,118.0,True,Medical Malpractice Attorneys & Lawyers Near You | Lawyers.com,True,1,['Top Rated Medical Malpractice Lawyers by Location'],[True],0,[],[],2,"['Popular Cities', 'Search by States']","[False, False]",3,"['Lawyers.com', 'Lawyers.com', 'Lawyers.com']","[False, False, False]",False,False
Medical Malpractice Lawyer Denver,58,https://www.jacksonkelly.com/professionals/gilbert-a-dickinson,43,29,1,1070164,104320,1179,0,26,8,10,18,70.0,True,"Gilbert A. Dickinson - Denver, CO Health Care Litigation Attorney",False,1,['Gilbert A. Dickinson\r\t\t\t\tMember'],[False],1,['Member'],[False],1,['Denver Office'],[False],30,"['NO ALT', 'Open Nav Menu', 'Close Nav Menu', '', '', 'Jackson Kelly PLLC', '', 'Print', 'Share', 'PDF', 'vCard', 'Print', 'Share', 'PDF', 'vCard', '', 'GDickinson-SLBadge', 'Emch-AVPreeminent-badge', 'Toggle Button Closed', 'Toggle Button Closed', 'Toggle Button Closed', 'Toggle Button Closed', 'Toggle Button Closed', 'Toggle Button Closed', 'GDickinson-SLBadge', 'Emch-AVPreeminent-badge', 'Toggle Button Closed', 'Toggle Button Closed', 'Toggle Button Closed', 'Toggle Button Closed']","[False, False, False, False, False, False, False, False, False, False, False, False, False, False, False, False, False, False, False, False, False, False, False, False, False, False, False, False, False, False]",False,False
